Registration,FleetNo,Type
SK74BKX,ADE535,ADL E400EV
SK74BKY,ADE536,ADL E400EV
SK74BKZ,ADE537,ADL E400EV
SK74BLF,ADE538,ADL E400EV
SK74BLJ,ADE539,ADL E400EV
SK74BLN,ADE540,ADL E400EV
SK74BLV,ADE541,ADL E400EV
SK74BLX,ADE542,ADL E400EV
SK74BLZ,ADE543,ADL E400EV
SK74BMO,ADE544,ADL E400EV
SK74BMU,ADE545,ADL E400EV
SK25AHN,ADE546,ADL E400EV
SK25AHO,ADE547,ADL E400EV
SK74BMZ,ADE548,ADL E400EV
SK74BNA,ADE549,ADL E400EV
SK74BNB,ADE550,ADL E400EV
SK74BND,ADE551,ADL E400EV
SK74BNE,ADE552,ADL E400EV
SK74BNF,ADE553,ADL E400EV
SK74BNJ,ADE554,ADL E400EV
SK74BNL,ADE555,ADL E400EV
SK74BNN,ADE556,ADL E400EV
SK74BNO,ADE557,ADL E400EV
SK25AHP,ADE558,ADL E400EV
LF69UXP,BDE194,BYD E400EV
LF69UXS,BDE195,BYD E400EV
LF69UXT,BDE196,BYD E400EV
LF69UXU,BDE197,BYD E400EV
LF69UXV,BDE198,BYD E400EV
LF69UXW,BDE199,BYD E400EV
LF69UXX,BDE200,BYD E400EV
LF69UXY,BDE201,BYD E400EV
LF69UXZ,BDE202,BYD E400EV
LF69UYA,BDE203,BYD E400EV
LF69UYB,BDE204,BYD E400EV
LF69UYC,BDE205,BYD E400EV
LF69UYD,BDE206,BYD E400EV
LF69UYE,BDE207,BYD E400EV
LF69UYG,BDE208,BYD E400EV
LF69UYH,BDE209,BYD E400EV
LF69UYJ,BDE210,BYD E400EV
LF69UYK,BDE211,BYD E400EV
LF69UYL,BDE212,BYD E400EV
LF69UYM,BDE213,BYD E400EV
LF69UYN,BDE214,BYD E400EV
LF69UYO,BDE215,BYD E400EV
LF69UYP,BDE216,BYD E400EV
LF69UYR,BDE217,BYD E400EV
LF69UYS,BDE218,BYD E400EV
LF69UYT,BDE219,BYD E400EV
LF69UYU,BDE220,BYD E400EV
LF69UYV,BDE221,BYD E400EV
LF69UYW,BDE222,BYD E400EV
LF69UYX,BDE223,BYD E400EV
LF69UYY,BDE224,BYD E400EV
LF69UYZ,BDE225,BYD E400EV
YX74OJG,DE483,ADL E200MMC
YX74OJH,DE484,ADL E200MMC
YX74OJJ,DE485,ADL E200MMC
YX74OJK,DE486,ADL E200MMC
YX74OJL,DE487,ADL E200MMC
YX74OJM,DE488,ADL E200MMC
YX74OJN,DE489,ADL E200MMC
YX74OJO,DE490,ADL E200MMC
YX74OJP,DE491,ADL E200MMC
YX74OJR,DE492,ADL E200MMC
YX74OJS,DE493,ADL E200MMC
YX74OJT,DE494,ADL E200MMC
YX74OJU,DE495,ADL E200MMC
YX74OJV,DE496,ADL E200MMC
YX74OJW,DE497,ADL E200MMC
YX74OJY,DE498,ADL E200MMC
YX74OJZ,DE499,ADL E200MMC
YX74OKA,DE500,ADL E200MMC
YX74OKB,DE501,ADL E200MMC
YX74OKC,DE502,ADL E200MMC
YX74OKD,DE503,ADL E200MMC
YX74OKE,DE504,ADL E200MMC
YX74OKF,DE505,ADL E200MMC
YX74OKG,DE506,ADL E200MMC
YX74OKH,DE507,ADL E200MMC
YX74OKJ,DE508,ADL E200MMC
YX74OKK,DE509,ADL E200MMC
YX74OKL,DE510,ADL E200MMC
YX74OKM,DE511,ADL E200MMC
YX74OKN,DE512,ADL E200MMC
YX74OKO,DE513,ADL E200MMC
YX74OKP,DE514,ADL E200MMC
YX74OJA,DE515,ADL E200MMC
YX74OJB,DE516,ADL E200MMC
YX74OJC,DE517,ADL E200MMC
YX74OJD,DE518,ADL E200MMC
YX74OJE,DE519,ADL E200MMC
YX74OJF,DE520,ADL E200MMC
YX74OKV,DE663,ADL E200MMC
YX74OEZ,DEM471,ADL E200MMC Mid
YX74OFA,DEM472,ADL E200MMC Mid
YX74OFB,DEM473,ADL E200MMC Mid
YX74OFC,DEM474,ADL E200MMC Mid
YX74OFD,DEM475,ADL E200MMC Mid
YX74OFE,DEM476,ADL E200MMC Mid
YX74OFG,DEM477,ADL E200MMC Mid
YX74OFH,DEM478,ADL E200MMC Mid
YX74OFJ,DEM479,ADL E200MMC Mid
YX74OFK,DEM480,ADL E200MMC Mid
YX74OEW,DEM481,ADL E200MMC Mid
YX74OEY,DEM482,ADL E200MMC Mid
YN61BFO,TEH100,ADL E400H
YN61BFP,TEH101,ADL E400H
YN61BFU,TEH102,ADL E400H
YN61BFV,TEH103,ADL E400H
YN61BFX,TEH104,ADL E400H
YN61BFY,TEH105,ADL E400H
YN61BFZ,TEH106,ADL E400H
YN61BGX,TEH107,ADL E400H
YN61BGF,TEH108,ADL E400H
YN61BGK,TEH109,ADL E400H
YN61BGE,TEH110,ADL E400H
YN61BGO,TEH111,ADL E400H
YN61BGY,TEH112,ADL E400H
YN62BVS,TEH113,ADL E400H
YN62BXA,TEH114,ADL E400H
YN62BXO,TEH115,ADL E400H
YN62BXS,TEH116,ADL E400H
YN62BXX,TEH117,ADL E400H
YN62BYA,TEH118,ADL E400H
YN62BYS,TEH119,ADL E400H
YN62BYU,TEH120,ADL E400H
YN62BZT,TEH121,ADL E400H
YN62BZK,TEH122,ADL E400H
YN62BZG,TEH123,ADL E400H
YN61BGZ,TEH124,ADL E400H
YN61BGU,TEH125,ADL E400H
YN61BGV,TEH126,ADL E400H
YN61BHA,TEH127,ADL E400H
YN62BBE,TEH128,ADL E400H
YN62BBX,TEH129,ADL E400H
YN62BCY,TEH130,ADL E400H
YN62BEY,TEH131,ADL E400H
YN62BFP,TEH132,ADL E400H
YN62BTV,TEH133,ADL E400H
MX62GNP,TEH134,ADL E400H
MX62GPJ,TEH135,ADL E400H
YN62BSU,TEH136,ADL E400H
YN62BVR,TEH137,ADL E400H
MX62GKV,TEH138,ADL E400H
MX62GKZ,TEH139,ADL E400H
MX62GNN,TEH140,ADL E400H
MX62GKG,TEH141,ADL E400H
MX62GTY,TEH142,ADL E400H
MX62GUO,TEH143,ADL E400H
MX62GVE,TEH144,ADL E400H
MX62GWE,TEH145,ADL E400H
MX62GWL,TEH146,ADL E400H
MX62GOP,TEH147,ADL E400H
MX62GPZ,TEH148,ADL E400H
MX13FLM,TEH149,ADL E400H
MX13FNM,TEH150,ADL E400H
MX13FNN,TEH151,ADL E400H
MX13FNO,TEH152,ADL E400H
MX13FNP,TEH153,ADL E400H
MX13FNR,TEH154,ADL E400H
SL63FZP,TEH155,ADL E400H
SK63AUW,TEH156,ADL E400H
SK63AUX,TEH157,ADL E400H
SK63AUY,TEH158,ADL E400H
SK63AVB,TEH159,ADL E400H
SK63AVC,TEH160,ADL E400H
SK63AVD,TEH161,ADL E400H
SK63AVE,TEH162,ADL E400H
SL63FZH,TEH163,ADL E400H
SL63FZJ,TEH164,ADL E400H
SL63FZK,TEH165,ADL E400H
SL63FZM,TEH166,ADL E400H
SL63FZN,TEH167,ADL E400H
SL63FZO,TEH168,ADL E400H
SL63FZR,TEH169,ADL E400H
SN63VTX,TEH170,ADL E400H
SL63FZS,TEH171,ADL E400H
SL63FZT,TEH172,ADL E400H
SL63FZU,TEH173,ADL E400H
SL63FZV,TEH174,ADL E400H
SL63FZW,TEH175,ADL E400H
SL63FZX,TEH176,ADL E400H
SL63FZY,TEH177,ADL E400H
SL63FZZ,TEH178,ADL E400H
SL63GAA,TEH179,ADL E400H
SL63GAO,TEH180,ADL E400H
SL63GAU,TEH181,ADL E400H
SL63GBE,TEH182,ADL E400H
SL63GCO,TEH183,ADL E400H
SL63GCU,TEH184,ADL E400H
SL63GCV,TEH185,ADL E400H
SL63GCX,TEH186,ADL E400H
SL63GCY,TEH187,ADL E400H
SL63GCZ,TEH188,ADL E400H
SL63GDA,TEH189,ADL E400H
SL63GDE,TEH190,ADL E400H
SL63GDF,TEH191,ADL E400H
SL63GDJ,TEH192,ADL E400H
SL63GDK,TEH193,ADL E400H
SJ15PUY,VHA521,Volvo B5LH E400MMC
SR15NKW,VHA522,Volvo B5LH E400MMC
SJ15PVL,VHA523,Volvo B5LH E400MMC
SJ15PVN,VHA524,Volvo B5LH E400MMC
SJ15PVF,VHA525,Volvo B5LH E400MMC
SJ15PVK,VHA526,Volvo B5LH E400MMC
SJ15PVE,VHA527,Volvo B5LH E400MMC
SJ15PVO,VHA528,Volvo B5LH E400MMC
SA15VML,VHA529,Volvo B5LH E400MMC
SA15VTW,VHA530,Volvo B5LH E400MMC
SA15VTU,VHA531,Volvo B5LH E400MMC
SA15VTY,VHA532,Volvo B5LH E400MMC
SA15VTV,VHA533,Volvo B5LH E400MMC
SA15VTX,VHA534,Volvo B5LH E400MMC
BD74WKP,VMD367,BZL DD
BD74WKR,VMD368,BZL DD
BU25YVB,VMD369,BZL DD
BD74WKT,VMD370,BZL DD
BD74WLH,VMD371,BZL DD
BD74WLJ,VMD372,BZL DD
BU25YVC,VMD373,BZL DD
BU25YVD,VMD374,BZL DD
BD74WLO,VMD375,BZL DD
BD74WLP,VMD376,BZL DD
BD74WLR,VMD377,BZL DD
BD74WLU,VMD378,BZL DD
BD74WLV,VMD379,BZL DD
BD74WLW,VMD380,BZL DD
BU25YVE,VMD381,BZL DD
BU25YVF,VMD382,BZL DD
BU25YVG,VMD383,BZL DD
BU25YVH,VMD384,BZL DD
BU25YVJ,VMD385,BZL DD
BU25YVK,VMD386,BZL DD
BU25YVL,VMD387,BZL DD
BU25YVM,VMD388,BZL DD
BU25YVN,VMD389,BZL DD
BU25YVO,VMD390,BZL DD
BU25YVP,VMD391,BZL DD
BU25YVT,VMD392,BZL DD
BU25YVV,VMD393,BZL DD
BU25YVW,VMD394,BZL DD
BL74XNU,VMD395,BZL DD
BL74XNV,VMD396,BZL DD
BU25YVX,VMD397,BZL DD
BU25YVZ,VMD398,BZL DD
BU25YWA,VMD399,BZL DD
BU25YWB,VMD400,BZL DD
BU25YWC,VMD401,BZL DD
BU25YWD,VMD402,BZL DD
BU25YWE,VMD403,BZL DD
BU25YWF,VMD404,BZL DD
BU25YWG,VMD405,BZL DD
BU25YWH,VMD406,BZL DD
BU25YWJ,VMD407,BZL DD
BU25YWK,VMD408,BZL DD
BU25YWL,VMD409,BZL DD
BU25YWM,VMD410,BZL DD
BU25YWN,VMD411,BZL DD
BU25YWO,VMD412,BZL DD
BL74XOO,VMD413,BZL DD
BU25YWP,VMD414,BZL DD
BU25YWR,VMD415,BZL DD
BU25YWT,VMD416,BZL DD
BU25YWV,VMD417,BZL DD
BU25YWW,VMD418,BZL DD
BU25YWX,VMD419,BZL DD
BU25YWZ,VMD420,BZL DD
BU25YXA,VMD421,BZL DD
BU25YXB,VMD422,BZL DD
BU25YUV,VMD423,BZL DD
BD74WHG,VMD424,BZL DD
BD74WHN,VMD425,BZL DD
BD74WGY,VMD426,BZL DD
BD74WHF,VMD427,BZL DD
BD74WHJ,VMD428,BZL DD
BD74WHP,VMD429,BZL DD
BD74WHM,VMD430,BZL DD
BD74WHR,VMD431,BZL DD
BD74WGZ,VMD432,BZL DD
BD74WHK,VMD433,BZL DD
BD74WHH,VMD434,BZL DD
BD74WHL,VMD435,BZL DD
BD74WHA,VMD436,BZL DD
BD74WHB,VMD437,BZL DD
BD74WHC,VMD438,BZL DD
BD74WHS,VMD439,BZL DD
BD74WHT,VMD440,BZL DD
BD74WHE,VMD441,BZL DD
BD74WHV,VMD442,BZL DD
BD74WJJ,VMD443,BZL DD
BD74WGX,VMD444,BZL DD
BD74WJK,VMD445,BZL DD
BD74WJM,VMD446,BZL DD
BD74WJN,VMD447,BZL DD
BD74WJO,VMD448,BZL DD
BD74WJU,VMD449,BZL DD
BD74WJV,VMD450,BZL DD
BU25YUW,VMD451,BZL DD
BD74WJY,VMD452,BZL DD
BD74WJZ,VMD453,BZL DD
BD74WKA,VMD454,BZL DD
BD74WKB,VMD455,BZL DD
BD74WKC,VMD456,BZL DD
BD74WKE,VMD457,BZL DD
BD74WKF,VMD458,BZL DD
BD74WKG,VMD459,BZL DD
BD74WKH,VMD460,BZL DD
BD74WKJ,VMD461,BZL DD
BD74WKK,VMD462,BZL DD
BU25YUX,VMD463,BZL DD
BD74WKM,VMD464,BZL DD
BD74WKN,VMD465,BZL DD
BU25YVA,VMD466,BZL DD
BU25YXC,VMD467,BZL DD
BU25YXD,VMD468,BZL DD
BU25YXE,VMD469,BZL DD
BU25YXF,VMD470,BZL DD
BK10MEV,VW1823,Volvo B9TL G2
BK10MFA,VW1824,Volvo B9TL G2
BK10MFE,VW1825,Volvo B9TL G2
BK10MFF,VW1827,Volvo B9TL G2
BV10WVX,VW1840,Volvo B9TL G2
BK10MFO,VW1841,Volvo B9TL G2
MX58DWL,VW564,Volvo B9TL Gemini
MX58DXA,VW565,Volvo B9TL Gemini
MX58DXB,VW566,Volvo B9TL Gemini
MX58DXD,VW568,Volvo B9TL Gemini
MX58DXE,VW569,Volvo B9TL Gemini
MX58DVV,VW582,Volvo B9TL Gemini
MX58DVY,VW584,Volvo B9TL Gemini
MX58DVZ,VW585,Volvo B9TL Gemini
MX58DVU,VW588,Volvo B9TL Gemini
MX58DWD,VW589,Volvo B9TL Gemini
MX58DWJ,VW590,Volvo B9TL Gemini
MX58DWK,VW591,Volvo B9TL Gemini
MX58DWV,VW592,Volvo B9TL Gemini
MX58DXJ,VW595,Volvo B9TL Gemini
MX58DXL,VW597,Volvo B9TL Gemini
MX58DXM,VW598,Volvo B9TL Gemini
MX58DXR,VW599,Volvo B9TL Gemini
MX58DYU,VW601,Volvo B9TL Gemini
MX58DXO,VW602,Volvo B9TL Gemini
MX58DYA,VW604,Volvo B9TL Gemini
MX58DYF,VW605,Volvo B9TL Gemini
MX58DZJ,VW606,Volvo B9TL Gemini
MX58DZL,VW607,Volvo B9TL Gemini
MX58DZN,VW608,Volvo B9TL Gemini
MX58EBK,VW659,Volvo B9TL Gemini
MX58EBG,VW661,Volvo B9TL Gemini
MX58EBF,VW662,Volvo B9TL Gemini
MF74NLP,WDS226,StreetDeck
MF74NLR,WDS227,StreetDeck
MF74NLT,WDS228,StreetDeck
MF74NLU,WDS229,StreetDeck
MF74NLV,WDS230,StreetDeck
MF74NLX,WDS231,StreetDeck
MF74NLY,WDS232,StreetDeck
MF74NLZ,WDS233,StreetDeck
MF74NMA,WDS234,StreetDeck
MF74NME,WDS235,StreetDeck
MF74NMJ,WDS236,StreetDeck
MF74NMK,WDS237,StreetDeck
MF74NMM,WDS238,StreetDeck
MF74NMO,WDS239,StreetDeck
MF74NMU,WDS240,StreetDeck
MF74NMV,WDS241,StreetDeck
MF74NMX,WDS242,StreetDeck
MF74NMY,WDS243,StreetDeck
MF74NMZ,WDS244,StreetDeck
MF74NNB,WDS245,StreetDeck
MF74NNC,WDS246,StreetDeck
MF74NND,WDS247,StreetDeck
MF74NNG,WDS248,StreetDeck
MF74NNH,WDS249,StreetDeck
MF74NNJ,WDS250,StreetDeck
MF74NNK,WDS251,StreetDeck
MF74NNL,WDS252,StreetDeck
MF74NNM,WDS253,StreetDeck
MF74NNO,WDS254,StreetDeck
MF74NNP,WDS255,StreetDeck
MF74NNR,WDS256,StreetDeck
MF74NNT,WDS257,StreetDeck
MF74NNU,WDS258,StreetDeck
MF74NNV,WDS259,StreetDeck
MF74NNW,WDS260,StreetDeck
MF74NNX,WDS261,StreetDeck
MF74NNZ,WDS262,StreetDeck
MF74NOH,WDS263,StreetDeck
MF74NOU,WDS264,StreetDeck
MF74NPA,WDS265,StreetDeck
MF74NPC,WDS266,StreetDeck
MF74NPD,WDS267,StreetDeck
MF74NPE,WDS268,StreetDeck
MF74NPG,WDS269,StreetDeck
MF74NPJ,WDS270,StreetDeck
MF74NPK,WDS271,StreetDeck
MF74NPN,WDS272,StreetDeck
MF74NPO,WDS273,StreetDeck
MF74NPP,WDS274,StreetDeck
MF74NPU,WDS275,StreetDeck
MF74NPV,WDS276,StreetDeck
MF74NPX,WDS277,StreetDeck
MF74NPY,WDS278,StreetDeck
MF74NPZ,WDS279,StreetDeck
MF74NRE,WDS280,StreetDeck
MF74NRJ,WDS281,StreetDeck
MF74NRK,WDS282,StreetDeck
MF74NRL,WDS283,StreetDeck
MF74NRN,WDS284,StreetDeck
MF74NRO,WDS285,StreetDeck
MF74NRU,WDS286,StreetDeck
MF74NRV,WDS287,StreetDeck
MF74NRX,WDS288,StreetDeck
MF74NRY,WDS289,StreetDeck
MF74NRZ,WDS290,StreetDeck
MF74NSE,WDS291,StreetDeck
MF74NSJ,WDS292,StreetDeck
MF74NSK,WDS293,StreetDeck
MF74NSN,WDS294,StreetDeck
MF74NSO,WDS295,StreetDeck
MF74NSU,WDS296,StreetDeck
MF74NSV,WDS297,StreetDeck
MF74NSY,WDS298,StreetDeck
MF74NSZ,WDS299,StreetDeck
MF74NTA,WDS300,StreetDeck
MF74NUJ,WDS301,StreetDeck
MF74NUK,WDS302,StreetDeck
MF74NUM,WDS303,StreetDeck
MF74NUO,WDS304,StreetDeck
MF74NUP,WDS305,StreetDeck
MJ74JKV,WDS306,StreetDeck
MJ74JKX,WDS307,StreetDeck
MJ74JKY,WDS308,StreetDeck
MJ74JKZ,WDS309,StreetDeck
MJ74JLO,WDS310,StreetDeck
MJ74JLU,WDS311,StreetDeck
MJ74JLV,WDS312,StreetDeck
MJ74JLX,WDS313,StreetDeck
MJ74JMO,WDS314,StreetDeck
MJ74JMU,WDS315,StreetDeck
MJ74JMV,WDS316,StreetDeck
MJ74JMX,WDS317,StreetDeck
MJ74JNF,WDS318,StreetDeck
MJ74JNK,WDS319,StreetDeck
MJ74JNL,WDS320,StreetDeck
MJ74JNN,WDS321,StreetDeck
MJ74JNO,WDS322,StreetDeck
MJ74JNU,WDS323,StreetDeck
MJ74JNV,WDS324,StreetDeck
MJ74JNX,WDS325,StreetDeck
MJ74JNZ,WDS326,StreetDeck
MJ74JOA,WDS327,StreetDeck
MJ74JOH,WDS328,StreetDeck
MJ74JOU,WDS329,StreetDeck
MJ74JOV,WDS330,StreetDeck
MJ74JPF,WDS331,StreetDeck
MJ74JPO,WDS332,StreetDeck
MJ74JPU,WDS333,StreetDeck
MJ74JPV,WDS334,StreetDeck
MJ74JPX,WDS335,StreetDeck
MJ74JPY,WDS336,StreetDeck
MJ74JRO,WDS337,StreetDeck
MJ74JRU,WDS338,StreetDeck
MJ74JRV,WDS339,StreetDeck
MJ74JRX,WDS340,StreetDeck
LV74CGG,WDS341,StreetDeck
LV74CGK,WDS342,StreetDeck
LV74CGO,WDS343,StreetDeck
LV74CGU,WDS344,StreetDeck
LV74CGX,WDS345,StreetDeck
LV74CGY,WDS346,StreetDeck
LV74CGZ,WDS347,StreetDeck
LV74KNA,WDS348,StreetDeck
LV74KNB,WDS349,StreetDeck
LV74KNC,WDS350,StreetDeck
LV74KND,WDS351,StreetDeck
LV74KNE,WDS352,StreetDeck
LV74KNF,WDS353,StreetDeck
LV74KNG,WDS354,StreetDeck
LV74KNH,WDS355,StreetDeck
LV74KNJ,WDS356,StreetDeck
LV74KNK,WDS357,StreetDeck
LV74THU,WDS358,StreetDeck
LV74THX,WDS359,StreetDeck
LV74THZ,WDS360,StreetDeck
